id;media_id;page_number;job_status;create_time;start_time;stop_time
1;51005;4027;Home payment;2022-09-08T21:19:40;2022-09-09T05:06:02;2022-09-08T23:00:16
2;66095;4053;Fresh;2022-09-09T04:35:46;2022-09-08T21:05:30;2022-09-09T11:00:29
3;63727;46990;index cultivate Surinam;2022-09-08T14:37:03;2022-09-09T10:36:41;2022-09-09T02:33:42
4;48179;36232;Litas Incredible sensor;2022-09-09T10:39:08;2022-09-09T03:43:20;2022-09-09T06:36:41
5;55135;71670;Singapore;2022-09-09T05:34:07;2022-09-08T22:00:24;2022-09-08T18:44:35
6;15945;36076;Director Personal;2022-09-08T15:19:42;2022-09-09T11:38:32;2022-09-09T02:43:53
7;68237;21456;Sri;2022-09-08T18:07:37;2022-09-08T22:47:22;2022-09-08T21:43:14
8;47341;89630;Borders;2022-09-08T19:14:21;2022-09-08T13:51:16;2022-09-09T11:10:02
9;11508;45740;Arizona regional;2022-09-09T10:24:19;2022-09-09T09:58:45;2022-09-09T06:46:25
10;40094;79648;Facilitator Fantastic;2022-09-08T19:47:47;2022-09-08T21:26:52;2022-09-08T16:56:47
